{"val/loss":21.665983648861157,"val/ppl":2.566948429554108e+09,"_wandb":{"runtime":18},"_runtime":18.7409906,"train/loss_avg":10.822906970977783,"_timestamp":1.761996325445056e+09,"_step":70}